,Label
4607,0
2013,0
6965,0
4934,1
8520,1
5271,1
3704,0
2147,0
10095,1
7626,0
8505,0
6866,0
449,0
3776,0
8779,1
7457,0
810,0
5491,0
7399,0
4279,1
4890,0
7977,1
6705,0
7250,0
8767,1
1477,1
1790,0
2333,0
2008,0
682,0
4588,0
6798,0
4989,0
57,1
7920,1
4708,0
3328,0
5638,1
4382,0
46,1
30,1
3848,0
4787,0
9221,1
1468,0
1665,1
1416,1
3787,0
2358,0
3110,0
3207,0
9011,1
3519,0
429,0
5982,1
4561,0
385,1
1945,0
7538,0
7379,0
473,0
5908,1
2766,0
4461,1
6904,0
7779,0
7958,1
1055,0
2281,0
7146,0
10004,1
8408,1
3181,0
7664,0
3015,0
811,0
7296,0
3126,0
9099,1
5121,0
7086,0
111,0
5852,1
9476,1
3016,0
1745,0
2748,0
1452,0
2149,0
319,1
6314,1
5153,0
2673,0
1922,0
6679,0
9449,1
8470,1
4860,0
7472,0
2129,0
7362,0
6167,1
7120,0
7883,1
9419,1
7331,0
4373,1
5990,1
1052,0
6487,1
4722,0
4848,0
99,1
9240,1
1456,0
361,0
812,0
1092,0
8913,1
4201,1
5718,1
8259,1
7268,0
7356,0
10132,1
1414,1
540,1
6627,0
8060,1
1146,0
6039,1
754,0
4094,1
3433,0
2903,0
5151,1
10120,1
7434,0
3281,0
5860,1
5775,1
3666,0
2608,0
4046,1
7940,1
5924,1
9010,1
7525,0
3032,0
9497,1
8719,1
601,0
3105,0
9486,1
6953,0
3088,0
7908,1
5650,1
5379,1
1044,0
8265,1
1557,0
8802,1
1487,1
7767,1
180,1
9774,0
4838,0
2115,0
1699,0
1379,1
4693,1
9593,1
1395,0
6874,0
618,0
3382,0
10472,1
1600,1
8617,1
6785,0
1615,1
8239,1
438,0
5471,0
2083,0
6916,1
7352,0
5838,1
5228,1
7647,0
7748,0
3991,0
2545,0
5698,1
8856,1
10094,1
1918,0
8852,1
6495,1
6134,1
4333,1
7211,0
2054,0
3037,0
9795,1
2362,0
2225,0
10454,1
1126,1
9436,1
8858,1
7607,0
3508,0
2444,0
10255,1
1322,1
1603,1
6281,1
10221,1
9158,1
6301,1
7537,0
8149,1
5022,1
6718,0
2290,0
9934,1
4862,1
1507,0
8679,1
1559,0
5333,1
5362,1
4024,1
9354,1
3746,0
1836,0
5554,0
3305,0
981,0
9055,1
1354,1
2870,0
45,1
2542,0
7872,1
748,0
5514,0
3761,0
6250,1
7677,0
3728,0
8372,1
3428,0
535,1
7879,1
10021,1
9563,1
2251,0
5176,1
4339,1
5620,0
9205,1
6832,1
5204,1
3819,0
8606,1
6125,0
4828,1
10249,1
5646,0
664,0
3006,0
2889,0
6830,0
10131,1
6536,1
9156,1
10208,1
8902,1
4695,0
675,0
7998,1
9415,1
3721,0
8739,1
3999,1
1962,0
1840,0
4794,0
4982,0
9068,1
6421,0
3320,0
5544,0
3107,0
3424,0
4372,1
9342,1
5431,0
8019,1
411,0
613,1
6101,1
5937,0
1430,0
4337,1
10047,1
6991,0
4643,0
3027,0
3785,0
1417,1
5259,0
604,0
1272,1
8883,1
7248,0
7475,0
10504,1
247,1
4929,1
2900,0
1982,0
8290,1
6077,1
199,1
5856,1
485,0
2879,0
6921,0
4343,1
2823,0
455,0
10415,1
9390,1
8721,1
1721,0
9516,1
7966,1
8695,1
2794,0
7760,0
10022,1
5027,0
862,0
2094,0
947,0
8621,1
1444,1
1280,1
9991,1
4035,1
4789,0
4415,1
4477,1
5768,1
2302,0
2004,0
5583,0
9257,1
1005,0
7364,0
8267,1
4511,0
2885,0
8413,1
2132,0
4847,1
8054,1
2057,0
3707,0
229,0
3827,0
10566,1
9715,0
6822,0
8936,1
3007,0
4254,1
8903,1
209,1
3582,0
2750,0
4770,1
3837,0
8091,1
2944,0
3679,0
10037,1
6338,1
9323,1
1728,0
5707,1
337,0
5680,1
2650,0
5197,1
8209,1
5795,1
9227,1
8764,1
1226,1
10003,1
4913,1
2144,0
9740,1
4742,0
2111,0
4397,1
8584,1
5641,0
4685,0
1017,1
6940,0
3652,0
5714,1
1928,0
350,0
6957,0
2201,0
6553,1
1934,0
3673,0
7854,1
10105,1
5807,0
4573,0
564,1
1582,1
4352,1
2175,0
5556,0
2540,0
4601,0
2707,0
10495,1
2228,0
1115,1
3379,0
9804,1
7168,0
6561,1
5323,1
6165,1
8343,1
821,1
6932,0
2272,0
9742,1
81,1
1323,1
6017,1
4597,0
1614,1
2697,0
831,0
4533,1
9807,1
2420,0
7346,0
4028,1
2833,0
6057,1
3284,0
1649,1
4639,0
3233,0
4800,1
3329,0
10082,1
9989,1
7840,1
9214,1
2689,0
6906,0
8494,1
749,0
8813,1
2373,0
2442,0
7118,0
3392,0
2758,0
9825,1
4112,1
8892,1
5728,1
5138,0
4292,1
10058,1
5202,1
7850,1
6357,1
4718,1
9758,1
5076,0
1139,0
8422,1
2231,0
2164,0
2886,0
3852,0
8785,1
2777,0
6623,0
5427,0
1570,1
172,1
8143,1
2087,0
3128,0
3693,0
5199,1
9545,1
7212,0
5609,0
9029,1
4582,0
1832,0
5825,1
7152,0
9710,1
8582,1
5023,1
9621,1
5764,1
834,1
2486,0
7762,1
6385,1
5168,0
3578,0
9281,1
5111,1
819,1
65,1
4747,0
9255,1
2024,0
4865,0
354,0
4564,0
8781,1
9371,1
1808,0
7671,0
8003,1
6545,1
8631,1
7866,1
8849,1
472,0
10445,1
3127,0
3265,0
5993,1
9764,1
3485,0
9571,0
868,0
4614,0
10226,1
8825,1
1506,0
10179,1
4148,1
10161,0
6213,1
2770,0
9920,1
6425,1
9472,1
4474,1
1075,1
3400,0
7930,1
3209,0
10256,1
7685,0
5337,0
10059,1
5994,1
4436,0
5678,1
7985,0
6720,0
8141,1
73,1
4619,0
4202,1
4978,1
7625,0
9613,1
1101,1
3898,0
10139,1
6636,0
313,1
3533,0
5396,0
118,1
2022,0
10508,1
9695,1
2034,0
5875,0
2856,0
9213,1
4342,1
1219,1
7383,1
8976,1
9615,1
3708,0
2510,0
4147,1
7812,1
4688,1
9883,1
9870,1
10192,1
5270,1
177,1
1643,0
9878,1
3678,0
7298,0
1374,1
1720,0
9942,1
4560,1
2264,0
87,1
7753,0
3656,1
9239,1
403,1
7755,0
8860,1
9572,0
6915,1
7781,0
7450,0
6569,1
2456,0
3570,0
2214,0
1027,1
10316,1
1421,1
2436,0
7831,1
6321,1
9663,1
1278,1
4949,1
5654,1
2760,0
8334,1
8275,1
7518,1
1978,0
1061,1
1425,0
5165,0
7953,1
5218,1
1502,0
10354,1
9107,1
6159,1
4379,1
9124,1
9362,1
678,1
2577,0
3692,0
3098,0
8106,1
8391,1
3562,0
4398,1
102,1
957,1
8180,1
9853,1
6479,0
8153,1
9585,1
2688,0
6918,0
6828,0
8845,1
7981,1
3677,0
3282,0
7619,0
8136,1
418,0
5512,0
4702,1
4486,0
1947,0
2318,0
7769,1
2299,0
7742,0
5221,1
208,0
5863,1
7639,0
8493,1
528,1
1233,1
779,1
722,1
7297,0
4696,1
5538,0
1860,0
8961,1
10163,0
3651,0
3387,0
1992,0
2332,0
5848,1
9647,1
10497,1
7754,0
5483,0
2471,0
5964,1
3952,0
6429,1
9172,1
1396,0
1489,1
5328,1
2884,0
4140,1
1042,0
5706,1
573,0
8866,1
257,1
8061,1
8233,1
9162,1
8513,1
2835,0
5682,1
2089,0
702,0
8031,1
503,0
4952,1
9377,1
1345,1
7349,0
5753,1
2248,0
6851,0
4716,1
372,0
8977,1
4224,1
2006,0
4401,1
9291,1
5266,1
10516,1
1459,1
9037,1
2102,0
997,1
8703,1
9821,1
1176,1
10298,1
551,1
744,0
3298,0
6346,1
4291,1
3717,0
8585,1
4288,1
10159,1
7793,0
8412,1
8381,1
7319,0
3794,0
6835,0
6211,1
5676,1
3859,0
693,0
2533,0
5155,0
3443,0
982,0
8344,1
7700,0
79,0
4634,1
91,1
7391,0
2266,0
4030,1
4256,1
5648,1
261,1
2142,0
3337,0
7182,0
2268,0
445,0
6532,1
10306,1
5478,0
7623,1
7557,0
1598,1
10485,1
1701,0
10116,1
3526,0
2526,0
6848,0
9296,1
68,0
1168,1
48,1
1053,0
84,1
3149,0
880,1
2651,0
5289,1
2439,0
9601,1
4295,1
5687,1
1467,0
7440,1
9313,1
2441,0
6383,1
230,0
1320,1
41,1
3039,0
777,1
9520,1
2372,0
1729,0
3798,0
579,0
4626,0
6651,0
3078,0
5893,0
8298,1
3955,0
2867,0
1491,1
8394,1
6393,1
61,1
8765,1
3473,0
9917,1
7442,0
402,1
332,0
2084,0
3057,0
5798,1
7778,0
9865,1
164,0
4832,1
2715,0
9491,1
10072,1
5844,1
3317,0
6176,0
7552,0
2755,0
6210,1
8011,0
1334,1
9243,1
2864,0
1659,1
5606,0
753,0
3064,0
7499,0
7957,1
9744,1
7127,0
706,1
6500,1
2973,0
10239,1
10151,0
9095,1
3535,0
7283,0
8358,1
10498,1
7794,0
10190,0
3151,0
4299,1
10160,0
10475,1
1834,0
3891,0
7819,1
4598,0
3438,0
5125,0
6559,1
6008,0
8337,1
246,0
8581,1
6145,1
2262,0
2246,0
835,1
8917,1
4335,1
432,0
3958,0
1173,1
4315,1
5861,0
3895,0
7012,0
4189,1
1193,0
7888,1
2906,0
6221,1
4519,0
10401,1
3238,0
9995,1
7254,0
5117,0
7225,0
6878,0
6664,0
2729,0
10523,1
8575,1
433,0
428,1
5140,0
4715,1
8566,1
9669,1
104,1
5790,1
1656,1
7741,0
1533,1
2986,0
5331,1
1332,1
5969,1
8687,1
4099,1
100,1
1443,1
4317,1
214,1
3352,0
6106,1
847,0
2910,0
10247,1
8421,1
1419,1
10157,1
9002,1
181,1
4843,0
9253,1
2446,0
6067,1
7846,1
6472,1
4336,1
7204,0
3946,0
8986,1
3172,0
1223,1
7255,0
7646,1
70,1
544,1
1204,1
4156,1
3995,1
9684,1
3146,0
2637,0
10292,1
5066,0
8851,1
4872,1
5623,0
9267,1
3838,0
877,1
8639,1
196,1
10359,1
3383,0
9121,1
7150,0
2997,0
2571,0
3592,0
4454,0
2400,0
9174,1
9959,1
7080,0
5459,1
6085,1
7023,0
6107,1
2868,0
2718,0
9203,1
6926,0
4098,1
4630,1
188,1
7835,1
3215,0
2682,0
5033,0
2508,0
4074,1
7567,0
218,1
8166,1
7258,0
5081,0
2543,0
7582,0
1244,1
420,0
7864,1
8079,1
10554,1
2058,0
9021,1
7323,0
8411,1
5137,0
1166,1
254,1
4119,1
415,0
4077,1
9757,1
8789,1
10110,1
759,1
1385,1
654,1
1201,1
2413,0
6956,0
4863,0
5739,1
3401,0
10025,0
6302,1
3964,0
3044,0
2830,0
4993,0
328,0
7508,0
6820,0
4999,1
8540,0
2063,0
7485,0
8960,1
3033,0
8916,1
5339,1
4132,1
9229,1
1281,1
3019,0
3029,0
5649,1
2636,0
7856,1
7325,0
6001,1
3018,0
2945,0
7983,1
6955,0
5547,0
7261,0
6189,1
2663,0
8803,1
1282,1
4301,1
1362,1
5397,0
6554,1
1437,0
3481,0
10238,1
4762,0
56,1
5239,1
9302,1
8204,1
1844,0
3979,0
9112,1
7628,0
2880,0
1743,0
3381,0
8921,1
1302,1
4758,0
4645,1
8748,1
740,0
7252,0
4638,0
6151,1
1624,0
524,0
7503,0
4793,0
3235,0
5581,0
3257,0
10382,1
7931,1
176,1
435,0
7189,0
5719,1
308,0
3755,0
1565,1
2631,0
6377,0
8730,1
401,1
4502,1
3068,0
881,1
434,0
8093,1
3297,0
4162,1
10397,1
8929,1
5492,0
10434,1
6325,1
288,1
6187,1
8846,1
2623,0
8589,1
476,0
7988,1
9732,1
231,0
9216,1
3881,0
737,1
4067,1
842,1
7465,0
6162,1
6336,0
5800,1
3251,0
4720,1
7348,0
5264,1
4421,1
1321,1
1839,0
1995,0
2399,0
10186,1
6817,0
4681,1
1041,0
10222,1
800,1
7954,1
8113,1
1405,0
6188,1
69,1
7143,0
2759,0
8569,1
10040,1
1586,0
6533,0
4738,1
6587,1
1074,1
10136,1
3461,0
4012,1
1469,0
8590,1
9644,1
2603,0
6964,0
1579,1
3772,0
4265,1
5651,1
9305,1
409,0
4113,1
2952,0
8478,1
9749,1
4467,1
3091,0
2726,0
477,0
1329,1
2283,0
9845,1
10586,1
5210,0
1777,0
6935,0
751,0
9924,1
9537,1
8872,1
10551,1
6713,1
5206,1
1031,0
10106,1
5871,1
468,0
1545,1
8023,1
9101,1
2683,0
8168,1
3833,0
7032,0
1025,0
7865,1
5351,1
6118,1
6821,0
3518,0
4972,0
2354,0
5826,1
10528,1
773,1
3963,0
9372,1
5009,1
8438,1
641,0
4808,0
7881,1
4665,0
9659,1
4102,1
10506,1
1108,1
5839,0
865,0
1420,1
6885,0
4532,0
5594,1
5956,1
10511,1
10267,1
8850,1
9739,1
962,0
1680,0
7644,0
633,0
2569,0
7656,0
4205,1
3309,0
2166,0
363,1
7703,0
3723,0
2825,0
5950,1
3574,0
3597,0
7107,0
546,1
8161,0
471,0
1641,0
9027,1
7067,0
3338,0
4250,1
1172,1
4622,1
4797,1
4129,1
2576,0
1989,0
7929,1
5740,1
6482,0
10076,1
5195,0
4127,1
4245,1
2628,0
377,1
1410,1
6453,1
4525,0
4896,1
7176,0
10322,1
7469,0
815,0
2404,0
6147,1
10582,1
5945,1
2131,0
1797,0
3090,1
8551,1
6074,0
5198,1
3122,0
10314,1
9602,1
8570,1
122,1
179,1
9836,1
10376,1
5152,0
10323,1
4475,0
5689,1
1157,1
237,1
1532,1
10007,1
6756,1
3410,0
7174,0
9688,1
8251,1
1535,1
3393,0
3879,0
8894,1
1206,1
898,0
2605,0
1722,0
10537,1
8332,1
2177,0
8603,1
2351,0
3325,0
8732,1
6864,0
5828,1
8937,1
2134,0
1480,1
2793,0
6300,1
10396,1
10558,1
3887,0
5269,1
9411,1
6877,0
7354,0
4275,1
5245,0
4649,1
3661,0
5974,1
1952,0
555,1
10065,1
1163,1
1584,1
5667,1
6995,0
397,1
6649,0
9192,1
9355,1
6349,1
10216,1
4880,0
9703,1
300,1
10217,1
6751,0
9080,1
4210,1
10452,1
3142,0
3205,0
9638,1
10254,1
5128,1
10428,1
1152,1
1212,1
7040,0
10315,1
7401,0
5479,0
9465,1
665,0
642,0
9828,1
3767,0
786,0
7273,0
3202,0
6253,1
6557,1
6524,1
2905,0
4392,1
996,1
10356,1
7116,1
6084,1
156,1
5987,1
3085,0
6712,1
8176,1
4726,1
8075,1
3795,0
495,0
2321,0
4850,0
8303,1
151,1
6883,0
10010,1
6485,1
1738,0
3001,0
5662,1
5267,1
2883,0
3720,0
7602,0
9066,1
9562,1
4503,1
2276,0
343,1
8182,1
7244,0
8271,1
2223,0
10029,1
10031,1
6670,0
5561,0
9160,1
10471,1
5130,1
1465,0
2234,0
6605,1
3903,0
8221,1
6933,0
9116,1
8693,1
5727,1
4151,1
4985,0
2121,0
4222,1
8214,1
3161,0
2630,0
10050,1
9046,1
6179,1
9548,1
1203,1
6380,1
616,0
1926,0
3114,0
2641,0
9542,1
2562,0
8546,1
2728,0
8055,1
8463,1
2126,0
4884,0
8775,1
8656,1
5640,0
805,1
4768,1
8583,1
7900,1
6335,1
10184,1
547,1
26,0
5643,0
3918,0
6624,1
4572,0
1221,1
5688,1
2548,0
437,0
4974,0
8995,1
1861,0
2699,0
6733,0
5274,1
2481,0
4625,1
10142,1
2706,0
326,0
2499,0
1004,0
4822,1
5118,0
4011,1
7159,0
534,0
5999,1
3960,0
585,0
8770,1
7803,0
9844,1
5350,1
6345,1
491,0
4899,1
6580,1
7195,0
5364,0
8371,1
3548,0
1916,0
3185,0
4359,1
1910,0
6066,1
4823,1
1133,1
5884,1
2518,0
1317,0
121,1
8145,1
2449,0
4587,0
4991,0
2601,0
7613,0
6199,1
2173,0
3283,0
3605,0
4404,1
9650,1
3768,0
6502,1
4038,1
3502,0
1407,0
4706,1
9830,1
5761,1
2579,0
8088,1
3269,0
10156,1
1867,0
10536,1
6637,0
2521,0
5053,1
1820,0
8613,1
51,1
3888,0
6225,1
3577,0
9581,1
4844,0
1858,0
10395,1
10134,1
6556,1
8504,0
7188,1
9810,1
425,0
4284,1
9694,1
4960,0
228,0
5903,1
2741,0
9298,1
4684,1
2921,0
8964,1
3653,0
9641,1
6808,1
1128,1
5957,1
8074,1
2208,0
7110,0
9468,1
4783,0
3153,0
10513,1
8359,1
7073,0
10207,1
2374,0
1632,0
5506,0
2298,0
5735,1
4252,1
4442,0
7634,0
8283,1
4759,0
4772,0
10522,1
7637,0
6448,0
8909,1
6081,1
4802,0
6141,0
7387,0
8655,1
2550,0
4816,1
938,0
5803,1
9429,1
6523,1
10336,1
2644,0
3165,0
3639,0
2061,0
7281,0
2812,0
9973,1
10584,1
9567,1
2549,0
8608,1
5501,0
4885,0
4174,1
9306,1
1024,1
4682,1
6143,1
1951,0
5674,1
351,0
5502,0
3662,0
6292,1
4480,0
3150,0
9877,1
8102,1
6899,1
2939,0
1340,1
9962,1
6855,0
5769,1
9137,0
8280,1
5012,0
1583,1
1412,1
5065,0
9304,1
2256,0
7852,1
2212,0
2622,0
6034,1
3624,0
4867,0
4267,1
9558,1
463,0
1754,0
5226,0
5011,1
4584,0
378,0
3106,0
1335,1
10304,1
2716,0
10240,1
9586,1
7089,0
8481,1
1811,0
1894,0
9311,1
5786,1
1189,0
5729,1
5532,0
3454,0
6022,1
7405,0
5190,1
5692,1
9963,0
3992,0
8183,1
1030,1
5284,1
8072,1
3774,0
6989,0
8261,1
1755,0
4864,1
9153,1
4327,1
110,1
6215,1
7636,0
2917,0
1515,0
10042,1
9799,1
9636,1
8940,1
2263,0
4767,1
9026,1
8406,1
893,0
1490,1
1850,0
324,1
1215,1
2933,0
7599,0
7169,0
9332,1
7018,0
10337,1
1129,1
9036,1
2918,0
3084,0
4304,1
2795,0
7318,0
798,1
734,1
7559,0
2244,0
178,1
7536,0
7968,1
1174,1
10128,1
1831,0
8607,1
10328,1
8552,1
1781,1
3201,0
198,1
6478,0
4087,1
548,1
7861,1
7279,0
5215,0
5411,0
2532,0
2314,0
7578,0
8522,1
66,1
3260,0
2572,0
6480,1
7198,0
622,0
1681,0
787,1
3332,0
9092,1
8741,1
3280,0
10589,1
6360,1
4889,0
9196,1
7111,0
478,0
6715,0
6486,0
2647,0
4786,0
7276,0
1033,0
5338,1
2598,0
4710,0
8112,1
8614,1
344,1
5391,0
1871,0
6249,1
3986,0
10209,1
2888,0
220,1
9772,0
5481,0
8854,1
4635,0
4016,1
4671,1
4248,1
9735,1
6782,0
10324,1
5183,1
7371,0
4241,1
7539,0
9671,1
6508,1
2881,0
1677,0
4898,1
901,0
9610,1
2296,0
9401,1
4773,0
296,1
10412,1
4153,1
5566,0
27,1
5062,0
9404,1
8498,1
6653,0
3248,0
8443,0
10527,1
2580,0
5014,1
6879,0
1370,1
10477,1
7952,1
7817,1
5372,1
681,0
9896,1
3159,0
2987,0
1882,0
6646,0
1940,0
3296,0
3534,0
3729,0
7077,0
1181,1
1375,1
5938,0
7082,0
626,0
2112,0
6827,0
4618,0
7459,0
7065,0
4180,1
7944,1
10384,1
1462,1
2887,0
5019,1
684,0
4539,0
4514,1
8193,1
8386,1
1366,1
3916,0
10422,1
2639,0
10057,1
9612,1
6630,1
2300,0
2938,0
8968,1
9206,1
8029,1
1979,0
3803,0
4534,0
5157,0
5302,0
7786,0
5629,0
2280,0
5049,1
4712,0
4469,1
7590,0
4130,1
6896,1
10426,1
1784,0
3182,0
494,0
8278,1
4730,1
2860,0
6871,0
4041,1
8158,1
2897,0
366,1
849,1
5910,1
5035,0
8651,1
4894,1
2653,0
3503,0
1541,1
4734,1
9432,1
322,1
2031,0
813,0
2528,0
9966,1
5079,0
9780,0
1079,1
2226,0
9717,0
7337,1
2705,0
7765,1
4836,0
1164,1
3261,0
4771,0
1450,0
4229,1
3862,0
6942,0
9282,1
8095,1
5731,1
8676,1
7072,0
7534,0
10492,1
4056,1
10111,1
2999,0
9599,1
1231,1
1514,0
2313,0
1451,0
7347,0
6515,1
9696,1
4321,1
6369,1
838,1
10539,1
5261,0
7300,0
9033,1
3567,0
9850,1
3087,0
9191,1
9314,1
4692,0
1714,0
4270,1
339,0
7663,0
6762,0
5833,1
8661,1
5589,1
588,0
3365,0
2670,0
3589,0
34,0
28,1
7963,1
5224,1
2170,0
5857,1
5354,1
889,0
8726,1
3322,0
9987,1
3514,0
5032,1
8873,1
6111,1
3733,0
5357,1
10062,1
10338,1
4528,0
1654,1
5872,1
8772,0
223,1
9171,1
5234,0
4239,1
1590,0
6805,0
3256,0
5265,1
9656,1
2181,0
5703,1
7744,0
7709,0
7724,0
8804,1
5145,1
1209,1
421,1
9297,1
1706,0
1158,1
2306,0
273,1
171,1
3956,1
10387,1
3188,0
1725,0
9661,1
8793,1
1564,1
1782,0
843,1
9936,1
5082,0
904,0
6727,0
10282,1
5831,1
1547,1
2080,0
5114,0
3985,0
7271,0
5972,1
7044,0
7482,0
8725,1
8246,1
3820,0
2646,0
10117,1
8139,1
5816,1
7453,0
7964,1
4350,1
6909,1
2155,0
7640,0
3715,0
4057,1
8826,1
6772,0
9532,1
3102,0
558,1
5254,1
4981,0
1436,0
507,0
4472,0
1869,0
755,1
6759,0
4050,1
9932,1
3836,0
4386,1
9336,1
2118,0
9898,1
7937,1
501,0
7614,0
10416,1
6390,1
1539,1
6983,0
1211,1
9702,1
672,1
5885,1
3377,0
4476,1
9345,1
1464,0
4745,0
9493,1
1192,0
7942,1
1872,0
3590,0
9247,1
8600,1
505,0
243,1
506,0
9100,1
8663,1
6837,0
6572,1
6201,1
5697,1
1773,0
4907,1
6444,1
10621,1
8701,1
797,1
8099,1
8039,1
2829,0
9908,1
9294,1
4633,1
312,1
746,0
3569,0
790,1
2476,0
9915,1
2570,0
6029,1
5942,1
4355,1
2163,0
7492,0
7210,0
380,1
8605,1
1292,0
1912,0
6730,1
599,0
3892,0
4141,1
1652,1
5958,1
1893,0
1944,0
3395,0
6326,1
4362,1
10385,1
375,1
1966,0
3957,0
10512,1
4423,1
1243,1
9075,1
10191,1
10067,1
6032,1
1471,1
3346,0
4522,1
9360,1
2853,0
4506,0
9560,1
10391,1
8457,1
4062,1
5912,1
5465,0
4306,1
6459,0
8210,1
6014,0
3990,0
1049,1
9960,1
6076,1
8531,1
2035,0
4039,1
5967,1
9945,1
1972,0
5440,0
2099,0
1499,0
7091,0
652,1
170,1
4085,1
242,1
6499,1
4371,1
7928,1
2756,0
7834,1
6203,1
2076,0
4103,1
10164,0
7277,0
4801,1
8366,1
5579,0
5814,1
9378,1
5484,0
9964,1
5398,1
6095,0
9070,1
8848,1
4661,1
4078,1
8980,1
640,0
1270,1
2778,0
8454,1
4932,1
1985,0
3861,0
3480,0
1534,1
325,1
2338,0
3980,0
9805,0
5369,1
4054,1
2237,0
8081,1
4571,0
10280,1
5407,0
864,0
6473,1
4942,1
6275,1
5927,0
371,0
8791,1
6322,1
6513,1
7243,0
6714,0
9873,1
8086,1
2364,0
3213,0
911,0
9622,1
9271,1
10039,1
7441,1
8956,1
7448,0
7139,0
1423,1
10424,1
479,0
662,1
8740,1
9554,1
8649,1
2988,0
1119,1
2776,0
4535,1
7414,1
5700,1
8677,1
5824,0
4427,0
8314,1
8612,1
3981,0
7231,0
2893,0
2669,0
3977,0
5998,1
279,0
8414,1
7662,1
9681,1
9321,1
9876,1
1694,0
9479,1
5018,1
3479,0
4416,1
9897,1
4155,1
4883,0
7053,0
6070,1
9165,1
8499,1
4296,1
5235,0
4683,0
5521,0
2209,0
9367,1
6398,1
4563,0
184,1
5470,0
5522,0
4516,1
2350,0
553,0
1397,0
1384,1
5406,0
5770,1
4903,1
297,1
443,0
8294,1
8268,1
2077,0
4751,0
9718,1
2229,0
2842,0
2537,0
9484,1
8828,1
7334,0
3367,0
6802,0
2578,0
1131,1
8140,1
8244,1
320,1
1371,1
4042,1
5709,1
5865,0
907,0
6784,0
3950,0
9648,1
9453,1
8757,1
7265,0
7876,1
6930,0
8931,1
926,0
9763,1
15,1
143,1
2363,0
129,1
1161,1
6685,0
9944,1
10236,1
7690,0
9405,1
1876,0
2488,0
8248,1
4479,0
1182,1
6977,0
6105,1
1170,1
7015,0
2182,0
9459,1
3371,0
8629,1
1859,0
5537,1
7836,1
6044,1
7236,0
9906,1
3588,0
6496,1
3121,0
387,1
1311,0
1032,0
8525,1
7386,0
4936,1
931,1
4019,1
691,0
6621,1
7583,0
829,1
3498,0
2081,0
9478,1
10035,1
44,1
3939,0
6901,0
7049,0
4319,1
2965,0
3969,0
1187,0
9528,1
6051,1
284,0
9439,1
4159,1
3092,0
6497,1
4556,0
7109,0
4323,1
6270,1
7532,0
3364,0
1404,0
3195,0
10294,1
969,0
3734,0
925,1
10096,1
10277,1
4725,0
7087,0
2851,0
8777,1
7717,0
9448,1
9431,1
8511,1
4471,0
6339,1
4348,1
9551,1
8556,1
3626,0
1789,0
10383,1
2059,0
7907,1
9630,1
4013,1
1902,0
4686,1
6351,1
4922,1
8304,1
75,1
2345,0
7855,1
430,0
4586,1
6562,1
5746,1
5360,1
8689,1
8157,1
1553,0
240,1
783,0
3066,0
977,0
4905,1
2941,0
6127,1
5389,0
6170,1
1620,0
2146,0
1801,0
2095,0
6912,0
5983,1
1357,1
8641,1
6887,0
8890,1
5453,0
6849,0
10587,1
9414,1
6200,1
1609,1
3096,0
10138,1
2415,0
2017,0
6850,0
4125,1
10419,1
10188,1
3246,0
124,1
9244,1
9927,1
10113,1
840,1
9738,0
3341,0
598,0
2123,0
8067,1
9443,1
8015,0
10273,1
2197,0
4051,1
9777,0
3362,0
7797,0
725,0
10630,1
978,0
808,0
7422,1
1475,1
7816,1
4906,1
6753,0
9611,1
4930,1
4542,1
3962,0
7309,0
7359,1
1235,1
1225,1
1764,0
8637,1
8138,1
5804,1
5349,1
3217,0
287,1
5723,1
2966,0
3164,0
6831,0
9454,1
1657,1
1975,0
2397,0
452,0
2710,0
10002,1
3681,0
422,0
6886,0
5316,0
657,0
3301,0
6654,0
2845,0
6844,0
8354,1
5244,0
1001,0
4198,1
2418,0
875,0
6027,1
3847,0
961,0
1580,1
9911,1
2206,0
7185,0
6693,1
10546,1
4231,1
757,0
4866,0
5313,1
2284,0
7588,0
5418,1
5309,1
4827,1
5758,1
807,0
6747,0
8473,1
1956,0
2445,0
6690,0
8694,1
7505,0
10046,1
2402,0
9682,1
1073,1
7691,0
4240,1
9039,1
2091,0
4527,0
8185,1
7733,0
8919,1
8309,1
9028,1
7782,0
1003,0
9676,1
7476,0
8362,1
4651,1
9748,1
1485,1
9814,1
5368,1
1411,1
10026,1
7681,0
709,0
5613,0
3603,0
985,1
3076,0
6723,0
5077,0
4101,1
5830,0
2722,0
9950,1
1268,1
2462,0
6224,1
268,1
3580,0
4750,0
6098,0
8978,1
9280,1
7520,0
2821,0
6194,1
589,0
10465,1
9557,1
5992,1
7586,0
8439,1
2037,0
6222,1
7173,0
5981,1
2028,0
7759,1
677,1
6558,1
1232,1
6041,0
8077,1
5736,1
4856,1
6209,1
2432,0
10084,1
6958,0
8347,1
10406,1
896,0
1611,1
7376,0
5572,0
8458,1
1719,0
3806,0
8255,1
6311,1
4701,0
3961,0
6173,1
8277,1
890,0
5696,1
9579,1
7818,1
6795,0
6800,0
7886,1
7739,0
2799,0
584,0
3268,0
3932,0
4965,1
1260,1
6758,1
310,1
1716,0
5635,0
7063,0
6697,0
4668,0
4298,1
3783,0
1008,0
8876,1
2185,0
3623,0
8206,1
5608,0
10285,1
6950,0
6312,1
4834,1
7917,1
4756,0
5785,1
90,0
6797,0
7304,0
1326,0
6379,1
8558,1
2117,0
2937,0
7328,0
983,0
7913,1
7332,0
9570,1
2925,0
6135,1
3214,0
7338,0
7187,1
6271,1
8001,1
5582,0
627,0
4947,1
5080,0
4244,1
5843,1
4765,0
1601,1
10203,1
1269,1
128,1
7144,0
1711,0
4182,1
4235,1
5918,1
2398,0
6191,1
10137,1
8950,1
1186,0
8310,1
10410,1
6840,0
1977,0
5314,1
10510,1
4247,1
8447,1
915,1
1305,0
9407,1
3049,0
10122,1
1273,1
8635,1
2796,0
1398,0
3358,0
183,1
5762,1
6483,1
6962,1
6061,1
7019,0
7946,1
4567,0
8146,1
8627,1
2656,0
8831,1
10283,1
1961,0
4992,0
4891,0
8262,1
10075,1
9266,1
10603,1
6982,0
1251,1
3176,0
5072,1
3359,0
5711,1
9734,1
8269,1
7452,0
3289,0
10318,1
9283,1
3190,0
6606,1
7837,1
1051,0
4069,1
6854,0
6323,1
272,1
2042,0
4763,0
5666,1
6987,0
6025,1
1086,1
8622,1
7223,0
8833,1
8668,1
9421,1
4322,1
9905,1
8484,1
6378,1
10199,1
10215,1
7030,1
4709,0
8444,0
8670,1
6414,0
7722,0
3478,0
8090,1
3924,0
1748,0
732,0
2553,0
9375,1
5636,0
2662,0
6192,1
6647,0
3113,0
3303,0
1344,1
9356,1
1690,0
9403,1
10494,1
5048,1
5747,1
3308,0
1504,0
1806,0
7100,0
6119,1
3791,0
5217,1
10121,1
1067,1
6725,1
10089,1
6408,1
2696,0
1848,0
4512,1
2431,0
4660,0
7750,0
6363,1
9969,1
142,1
7934,1
9319,1
8501,0
5290,1
6004,1
3409,0
1117,1
1756,0
497,0
7284,0
870,0
3357,0
912,0
721,1
2805,0
10568,1
886,1
10201,1
7502,0
8839,1
10515,1
1520,0
9241,1
2746,0
6461,1
6575,1
314,1
1799,0
327,0
6427,1
4204,1
5447,0
3129,0
7809,1
10133,1
3968,0
6535,1
6280,1
1973,0
336,0
2764,0
8441,1
275,1
2985,0
6431,1
6661,0
3477,0
10525,1
3558,0
2809,1
9691,1
4861,1
7501,0
5246,0
3416,0
307,0
3908,0
8025,1
348,0
826,1
5296,1
10101,1
4482,1
10259,1
3682,0
6691,0
8910,1
2053,0
71,1
8205,1
7974,1
7145,0
8688,1
5356,1
1666,1
5570,0
7037,0
8000,1
6117,0
1445,1
5961,1
6403,1
1695,0
2892,0
10627,1
1574,1
3203,0
4405,1
1630,1
8943,1
1881,0
5112,0
5708,1
5074,0
6997,0
9384,1
6364,1
848,1
8270,1
7039,0
8537,1
2877,0
186,0
3779,0
1830,0
5792,1
2959,0
10183,1
7259,0
5446,0
1234,1
6794,0
3915,0
446,0
844,0
5201,1
6571,1
9069,1
2440,0
3103,0
9125,1
7729,0
6435,1
1294,0
9058,1
5518,0
9590,1
5067,1
3442,0
8974,1
8225,1
8863,1
10350,1
776,0
10329,1
2153,0
5558,0
4920,1
6110,1
10091,1
8191,1
7991,0
8955,1
7847,1
7381,1
3183,0
10114,1
3199,0
7986,1
1289,1
4581,0
7046,0
9505,1
8128,1
7713,0
4106,1
4126,1
8731,1
3966,0
1879,0
9024,1
9886,0
5457,0
7553,0
3587,0
9346,1
3865,0
2148,0
4131,1
1036,0
636,0
8939,1
4134,1
6086,1
1083,1
861,0
5212,0
903,0
191,1
109,1
4455,0
1942,0
6030,1
4331,1
9417,1
9262,1
2040,0
8263,1
7798,0
4878,0
4659,1
7456,0
2775,0
4145,1
2323,0
762,1
2617,0
2411,0
1094,1
10327,1
8013,1
6366,1
3135,0
7025,0
5040,0
9797,1
5428,0
3805,0
884,0
2654,0
6258,1
7038,0
464,0
9400,1
8418,1
10071,1
8753,0
5192,1
6792,0
10299,1
5300,1
2202,0
6946,0
9577,1
1262,1
9038,1
975,0
8405,1
5866,1
4925,1
941,0
5263,1
4723,1
2387,0
10341,1
5021,1
4391,1
5148,0
3221,0
3882,0
10033,1
7545,0
6734,0
2789,0
944,1
9475,1
1857,0
9218,1
4108,1
5213,0
9044,1
3255,0
2690,0
4627,0
10595,1
1319,1
9919,1
10503,1
5162,0
6641,0
7731,0
6779,0
8797,1
3475,0
3505,0
4749,0
2477,0
6248,0
7535,0
8273,1
4501,1
7260,0
10486,1
8660,1
1874,0
9047,1
6011,0
10032,1
5096,0
2904,0
570,1
1448,1
6786,0
7106,0
7224,0
7764,1
7439,1
5841,1
7403,0
3226,0
10357,1
3978,0
4383,1
5834,1
8437,1
3539,0
6870,0
7824,1
9456,1
5681,1
2827,0
5780,1
9803,1
4996,1
1338,1
3262,0
7267,1
6836,0
5741,1
650,0
2902,0
2258,0
5395,0
8299,1
3521,0
2730,0
6260,1
4478,0
5660,1
1596,1
8035,1
2584,0
7153,0
3196,0
6884,0
5327,0
8673,1
9736,1
1258,1
9113,1
991,0
3504,0
113,1
919,1
2509,0
9996,1
165,0
10258,1
9689,1
4603,0
949,1
4594,0
6517,1
3770,0
2506,0
5107,1
2850,0
6000,1
10435,1
6112,1
8844,1
4446,0
5794,1
4460,0
7747,0
2505,0
1114,1
9067,1
298,1
1675,0
3347,0
2735,0
5669,1
8514,1
4988,1
9568,1
9316,1
4325,1
7649,0
6729,1
4550,0
9349,1
10126,1
8523,1
2103,0
5336,1
6625,0
7698,0
8327,1
1837,0
8698,1
8840,1
10052,1
5710,1
607,0
6867,0
1093,0
6180,1
7201,0
9535,1
4487,0
160,0
203,0
8005,1
7207,0
4933,1
2934,0
1814,0
2435,0
1230,1
9225,1
3046,0
5705,1
10266,1
9591,1
9654,1
9226,1
4251,1
6355,1
3293,0
4034,1
2725,0
4290,1
4334,1
6749,0
3877,0
9386,1
6412,1
4753,0
4886,1
857,1
370,0
8897,1
2561,0
3801,0
2640,0
5455,0
7895,1
4490,0
2347,0
649,0
2781,0
6437,1
9134,1
9228,1
5944,1
8235,1
615,1
8971,1
2575,0
53,1
3340,0
9382,1
1705,0
9635,1
6223,1
1493,1
5876,1
10592,1
7600,0
803,1
4953,1
7887,1
8243,1
990,0
2774,0
8377,1
7305,0
3513,0
6239,1
8923,1
219,1
7660,0
1288,1
3163,0
4678,1
2618,0
3612,0
43,1
8521,1
7438,1
3792,0
3571,0
10610,1
1503,0
6328,1
10449,1
3439,0
1892,0
9912,1
5255,1
1955,0
5167,0
4814,1
7130,0
1505,1
670,0
10463,1
8021,1
897,0
8934,1
2666,0
3193,0
2890,0
6003,1
8094,1
6592,1
2621,0
6839,0
8836,1
9846,1
5813,1
2,1
5970,1
2370,0
3804,0
1769,0
9035,1
6858,0
6079,1
531,1
9169,1
9197,1
7529,0
6913,1
3120,0
9596,1
731,1
3406,0
2339,0
5991,1
6790,1
9053,1
2565,0
2581,0
8706,1
7642,0
7955,1
6244,1
10066,1
9546,1
1255,1
2104,0
7666,0
7621,1
7085,0
9731,1
4994,0
10171,1
7785,0
5057,0
6658,0
4434,1
3484,0
10092,1
5318,1
3816,0
8274,1
9470,1
2546,0
6319,1
1621,0
10016,1
7178,0
7105,0
9469,1
1096,1
7738,0
9786,0
10080,1
7732,0
2463,0
9399,1
10196,0
1788,0
250,0
8293,1
8642,1
7770,1
192,0
820,1
10237,1
6503,1
8178,1
7061,0
4400,1
8008,1
5388,0
4166,1
7727,0
4951,1
2687,0
4390,1
6673,0
6804,0
4927,1
9660,1
5552,0
2607,0
8336,1
238,1
4015,1
9848,1
2977,0
6501,1
7460,0
6931,0
5473,0
945,0
7302,0
8452,1
5097,0
6055,1
7746,0
6613,1
3552,0
10598,1
3360,0
6324,1
5628,0
2410,0
5783,1
4507,1
8985,1
3982,0
6620,1
146,1
7573,0
2294,0
2253,0
3611,0
5353,1
1736,0
6678,0
8440,1
114,1
9426,1
6126,0
6434,1
10073,1
498,0
4733,0
720,1
8163,1
9408,1
6520,1
6973,0
3089,0
8199,1
484,0
7417,0
596,1
9668,1
6934,0
6890,0
5164,0
9724,1
1647,1
6974,0
7873,1
2700,0
8312,1
1700,0
9513,1
5404,0
9750,1
6750,0
2942,0
7959,1
7172,0
86,1
2308,0
2677,0
8735,1
8714,1
2594,0
6699,0
1029,1
136,1
7775,0
6240,1
8287,1
2854,0
4409,1
1200,1
6121,1
4717,0
10118,1
7510,0
566,1
9148,1
5933,0
5430,0
5868,1
6296,1
3927,0
6195,1
7921,1
8401,0
9122,1
7487,0
8497,1
7447,0
9480,1
8796,1
2330,0
3515,0
2187,0
195,0
8217,1
6452,1
5059,0
802,0
5715,1
7237,0
241,1
2068,0
7675,0
9301,1
644,0
9965,0
5103,1
5460,1
1637,0
120,1
5873,1
2981,0
5069,0
3074,0
9496,1
3278,0
2135,0
7220,0
4970,1
7050,0
134,1
4351,1
5324,1
10251,1
7007,0
2559,0
62,1
10579,1
1358,1
7766,1
7322,0
6639,0
2467,0
679,1
7735,0
741,1
5307,1
6266,1
7676,0
3641,0
444,0
8681,1
3258,0
4663,0
1873,0
7246,0
2596,0
1717,0
2912,0
2843,0
4027,1
5488,0
9180,1
4485,0
2556,0
489,0
493,0
690,0
7333,0
3821,0
602,0
1911,0
1014,1
7289,0
1993,0
6567,1
3757,0
2366,0
5283,1
4370,1
8203,1
7971,1
1361,1
6810,1
1526,1
1327,0
6920,1
8179,1
1551,1
7135,0
10300,1
1337,1
3901,0
3010,0
5041,0
9389,1
2250,0
10549,1
7445,0
5039,0
2346,0
9868,1
5485,0
9434,1
2784,0
5694,1
5119,0
5166,0
5555,0
5599,0
7606,0
150,1
2804,0
6688,0
2086,0
3751,0
5612,0
2259,0
4017,1
6952,0
8970,1
2424,0
4138,1
3856,0
859,1
5367,1
2962,0
8738,1
8257,1
9102,1
4739,1
9135,1
4462,1
5528,0
1364,1
1779,0
6684,0
4785,0
7209,0
1818,0
369,0
4937,1
2704,0
5285,1
175,1
6405,1
8345,1
2093,0
9031,1
3491,0
1920,0
82,1
816,0
9144,1
1091,1
4396,1
7704,0
5568,0
283,1
6124,1
4120,1
8491,1
609,0
2915,0
1813,0
1271,1
6741,0
10204,1
2994,0
8084,1
7632,0
6409,0
6104,1
8830,1
2642,0
7467,0
4508,1
2305,0
7411,0
9317,1
4195,1
5562,0
4840,1
4655,1
8686,1
4168,1
3849,0
10466,1
10069,1
5253,1
10177,1
5533,0
2414,0
3554,0
4691,1
4498,0
2195,0
5045,1
2600,0
6163,1
6373,1
1518,0
4764,0
4314,1
3366,0
6058,0
6902,0
7497,0
6309,1
2633,0
8066,1
5633,0
9084,1
5922,1
9892,1
9351,1
2434,0
8798,1
7695,0
7918,1
7530,0
6064,1
4520,1
5587,0
3545,0
10547,1
6818,0
9368,1
5531,0
5444,0
517,0
9802,1
6160,1
9141,1
9658,1
8596,1
7303,0
1415,1
4664,1
4456,1
2761,0
6481,1
5911,1
6547,1
4855,0
9425,1
127,1
3474,0
6358,1
8593,1
4310,1
2438,0
3765,0
7825,1
6711,0
6432,1
7601,0
7070,0
10386,1
1473,1
6340,1
4821,1
7868,1
3560,0
3951,0
49,1
5437,0
10520,1
887,1
6261,1
6043,0
2616,0
516,0
3168,0
2949,0
1424,0
139,1
1924,0
2378,0
3197,0
5131,1
112,1
4559,1
4595,1
5329,1
3250,0
4690,0
8301,1
3697,0
4546,1
7757,0
3277,0
9791,1
10246,1
4068,1
4408,1
6994,0
9128,1
8289,1
3222,0
8729,1
451,0
3731,0
9523,1
4986,0
3663,0
2763,0
658,0
5602,0
1855,0
4620,0
999,1
389,1
3407,0
6426,1
1476,1
2240,0
2386,0
9720,0
992,1
4997,0
3922,0
2972,0
3386,0
8451,1
9881,1
10550,1
4769,0
1293,0
1824,0
2873,0
4173,1
2535,0
9713,0
1907,0
42,1
10090,1
368,0
6033,1
1151,1
1567,1
7238,0
6728,1
7416,0
8370,1
4160,1
4287,1
2230,0
9430,1
174,1
1903,0
1099,1
9575,1
3408,0
1538,1
2292,0
9887,0
1363,1
7938,1
7550,0
5260,0
7756,0
8022,1
680,0
9904,1
9300,1
3664,0
9584,1
1661,1
508,0
166,1
5497,0
8821,1
1006,0
8874,1
1914,0
3494,0
10243,1
10363,1
7335,0
4990,0
2536,0
1104,1
3875,0
8367,1
1752,0
5310,1
5952,1
8324,1
2916,0
8638,1
5754,1
152,1
5230,1
9852,1
5679,1
3907,0
9716,1
2552,0
2773,0
9832,1
3551,0
3722,0
7565,0
520,0
8624,1
9522,1
4538,0
6175,0
7716,0
1822,0
4086,1
6992,0
9299,1
1991,0
9364,1
309,0
4308,1
7365,0
8254,1
3599,0
3622,0
3811,0
6005,1
3450,0
4591,1
205,1
10459,1
1135,0
6680,0
9975,0
2749,0
3613,0
305,1
1849,0
7336,0
9643,0
1988,0
3240,0
2798,0
4515,1
5630,0
8471,1
3109,0
4939,1
4059,1
1987,0
8137,1
9440,1
7533,0
383,1
5634,0
4307,1
3388,0
3156,0
6053,1
10626,1
6534,1
2727,0
10541,1
7149,0
9236,1
8824,1
10293,1
10563,1
3832,0
9258,1
4776,1
4276,1
253,1
7021,0
10198,1
2924,0
278,1
6771,0
3252,0
7113,0
2480,0
289,1
8862,1
3075,0
4073,1
2583,0
7286,0
6108,0
5089,0
6332,1
7610,0
8231,1
10330,1
8925,1
9527,1
6961,0
4066,1
270,0
6009,1
4570,0
3576,0
3565,0
2971,0
7047,0
9327,1
4207,1
3218,0
1391,0
6696,0
3975,0
4316,1
7624,0
2675,0
1422,1
83,1
873,0
10214,1
8424,1
4557,1
4500,1
4647,0
6998,0
6470,0
2038,0
8957,1
10307,1
7862,1
2450,0
3954,0
2329,0
9704,1
6242,1
8009,1
5042,1
9955,1
4746,0
9958,1
8744,1
10098,1
7562,0
7234,0
2401,0
5520,0
1216,1
9248,1
6020,1
7814,1
1064,1
3786,0
4410,1
7808,1
8483,1
5523,0
5996,1
9598,1
5888,0
2161,0
3008,0
9285,1
1105,1
7579,0
692,0
2003,0
4956,1
7515,0
9006,1
4369,1
2765,0
3929,0
8109,1
9292,1
10442,1
10444,1
628,1
2451,0
7103,0
7493,0
3824,0
9549,1
2652,0
9779,1
3743,0
2176,0
10530,1
6689,0
9849,1
3318,0
7219,0
2787,0
4105,1
7235,0
1676,0
3947,0
4444,1
2936,0
7585,0
2837,0
5722,1
9495,1
2503,0
9009,1
2369,0
4967,0
5883,1
2217,0
5847,1
2218,0
3326,0
7665,0
3583,0
10443,1
3619,0
6217,1
2468,0
7342,1
3115,0
85,1
8993,0
5973,1
2801,0
3671,0
3667,0
10411,1
10529,1
5158,0
5725,1
4590,1
2019,0
3423,0
2525,0
8252,1
7092,0
3212,0
519,0
5366,1
7699,0
6593,1
2895,0
244,1
5930,1
4714,1
9793,1
3425,0
7669,0
7885,1
8528,1
7558,0
7028,0
8211,1
5509,0
6297,1
2001,0
885,1
869,0
6454,1
10301,1
7228,0
5720,1
356,1
10531,1
5451,0
8710,1
8756,0
2743,0
7737,0
1275,1
1890,0
9238,1
8160,0
9977,1
9913,1
3563,0
5787,1
4958,0
1546,1
6193,1
2380,0
6474,0
3823,0
3232,0
8922,1
3306,0
492,0
3499,0
7589,0
1116,1
5637,0
9334,1
6146,1
10490,1
9335,1
7635,0
8745,1
6857,0
10607,1
6589,1
9646,1
3645,0
2500,0
5677,1
8524,1
5241,1
7945,1
2783,0
6158,1
3809,0
7540,0
9194,1
2993,0
1696,0
5685,1
10390,1
8746,1
6504,0
5939,0
2052,0
1776,0
7474,0
3313,0
4781,1
6632,0
9954,1
7719,0
1592,1
1723,0
215,0
7200,0
6707,0
8776,0
490,0
9714,0
3483,0
7006,0
5102,1
5187,0
3431,0
6599,1
7549,0
460,0
6410,1
6650,0
5513,0
25,0
3512,0
2409,0
3270,0
5209,0
9265,1
1552,0
9783,0
10602,1
7962,1
3871,0
3402,0
4529,0
979,0
2655,0
1847,0
9574,1
8760,1
8122,1
8240,1
5721,1
515,0
8847,1
10296,1
8819,1
1102,1
3276,0
7370,0
5345,1
2657,0
9652,1
8859,1
3996,1
194,0
4711,0
643,0
8912,1
3285,0
3116,0
10245,1
3575,0
6872,0
9597,1
4320,1
8134,1
10623,1
2207,0
4552,1
4402,1
9410,1
3718,0
972,0
4579,0
6516,1
6698,0
719,0
7425,0
6155,1
10024,1
3896,0
2803,0
2566,0
4025,1
6198,1
32,1
8829,1
9395,1
10436,1
4063,1
9518,1
5540,0
1697,0
2792,0
2222,0
5818,1
10274,1
3764,0
3866,0
7308,0
9210,1
9508,1
7678,0
8052,1
3758,0
2831,0
3227,0
4214,1
3923,0
3904,0
2277,0
7001,0
7948,1
1401,0
739,0
6552,1
4266,1
10484,1
4979,1
3253,0
3851,0
9177,1
2661,0
7413,0
7791,0
674,0
8059,1
7011,0
8068,1
3841,0
1815,0
8857,1
10457,1
9787,0
4653,0
3657,0
2100,0
5163,0
6708,0
1673,0
2101,0
4213,1
7914,1
1548,1
8132,1
7290,0
3323,0
8215,1
355,0
5184,1
1461,1
9433,1
6631,0
9976,1
3220,0
939,0
9741,1
5147,1
7170,0
6417,0
5923,1
8543,1
1751,0
3976,0
8403,0
1772,0
1196,0
1878,0
2668,0
3171,0
2016,0
2005,0
10588,1
3893,0
10622,1
3237,0
4424,0
4744,1
9722,1
2078,0
5219,1
396,1
2788,0
8117,1
7415,1
4072,1
5574,0
8891,1
10107,1
5355,1
8201,1
6093,0
8853,1
1519,0
8713,1
1378,1
5672,1
1023,1
2587,0
9045,1
9340,1
5621,0
8426,1
5008,1
2857,0
8774,1
5771,1
5842,1
7122,0
10125,1
5832,1
1629,1
4888,0
4526,1
3523,0
5904,1
522,0
3607,0
10093,1
5220,1
7180,0
234,0
3988,0
3796,0
4118,1
6318,1
5001,0
7094,0
6775,1
3800,0
8382,1
3899,0
5024,1
1948,0
6361,1
470,0
2448,0
3492,0
6834,0
6091,0
2671,0
10417,1
2224,0
1106,1
2188,0
818,0
7054,0
6755,1
5571,0
4523,0
5793,1
9972,1
9341,1
5738,1
2624,0
8064,1
9983,1
10540,1
9699,1
888,1
8534,1
7701,0
2437,0
6056,1
8449,1
817,0
9769,0
3414,0
6352,1
2341,0
9604,1
3167,1
1809,0
8419,1
8625,1
7161,0
1264,1
5086,0
8328,1
5835,1
7016,0
5194,1
4449,1
4945,1
4045,1
7412,0
3702,0
1035,0
9842,1
6919,0
5590,1
7226,0
1228,1
8223,1
9947,1
7752,0
5141,0
8014,1
6551,1
52,1
1011,0
6555,1
8305,1
7181,0
8918,1
159,0
8383,1
1587,0
1589,0
10460,1
9985,1
10063,1
9918,1
6687,0
9930,1
7884,1
10618,1
6174,0
8542,1
9458,1
3858,0
10432,1
7618,0
2828,0
436,0
5789,1
10060,1
8697,1
3878,0
1588,0
7398,1
2780,0
9553,1
9142,1
5686,1
3965,0
4727,1
973,0
1238,1
2951,0
2342,0
7431,0
8250,1
6046,1
2158,0
10223,1
8516,1
1497,1
4545,1
6465,1
7355,0
4257,1
2422,0
9103,1
9993,1
5185,1
5647,0
357,1
5242,1
2130,0
9826,1
2092,0
5409,1
2015,0
9634,1
4044,1
187,1
7807,0
3655,0
3426,0
8177,1
1381,1
10402,1
413,0
7427,1
5037,0
4897,1
3336,0
3606,0
3175,0
6846,0
2241,0
10321,1
8506,1
256,1
8165,1
200,0
8460,1
2235,0
4743,0
1767,0
4236,1
7661,0
8973,1
8147,1
1572,1
24,0
3363,0
1088,1
4674,1
2694,0
8397,1
3398,0
3559,0
9737,1
2841,0
2311,0
8855,1
3234,0
7470,0
4152,1
1309,0
695,1
7594,0
3752,0
6337,1
1227,1
1999,0
276,1
7707,1
8049,1
5929,0
2953,0
3637,0
3906,0
4778,0
5845,1
10311,1
4117,1
9438,1
1137,0
2767,0
2334,0
8468,1
942,1
9025,1
9854,1
2490,0
10291,1
6290,1
4935,1
3935,0
6880,0
7912,1
2384,0
7084,0
115,1
1863,0
7496,0
10606,1
3119,0
4258,1
7633,0
902,0
2819,0
3822,0
10279,1
7841,1
9666,1
4699,0
9485,1
3802,0
8835,1
6068,1
5810,1
3536,0
3825,0
6642,0
9189,1
9152,1
4810,0
1946,0
9277,1
8111,1
5335,1
3488,0
1610,1
7269,0
8333,1
8024,1
7166,0
4677,1
4959,0
8046,1
5867,1
9322,1
7471,0
4761,0
2194,0
882,1
5701,1
5113,0
557,1
8643,1
5139,0
1207,1
7995,1
8249,1
1510,0
7706,0
3829,0
3732,0
8587,1
3211,0
3630,0
1708,0
1845,0
266,1
5985,1
1140,0
3162,0
6207,1
2046,0
3730,0
1909,0
2211,0
2660,0
656,0
6660,0
1307,0
2567,0
998,0
8315,1
2834,0
10175,0
9761,1
5880,1
1237,1
2151,0
3835,0
10308,1
8171,1
10332,1
6578,1
5091,0
2186,0
9176,1
1134,0
5004,0
6626,0
1303,0
8992,1
1627,0
8530,1
1522,0
10427,1
358,1
138,1
299,0
1556,0
5099,0
382,1
8834,1
7903,1
4857,1
3180,0
1439,1
8108,1
5673,1
7042,0
946,1
2390,0
5498,0
8042,1
9816,1
2721,0
1932,0
2352,0
3236,0
3140,0
4163,1
9455,1
8811,1
3807,0
10078,1
9867,1
9471,1
6781,0
7844,1
4154,1
4172,1
796,0
2416,0
9818,1
6139,1
785,0
8036,1
6789,1
3158,0
7202,0
123,1
10056,1
10552,1
2172,0
2169,0
9859,1
4009,1
9882,1
4340,1
910,0
6268,1
8495,1
2309,0
10270,1
3634,0
1257,1
6591,1
4458,1
6133,1
7597,0
1178,0
4652,1
6218,1
3650,0
442,0
3415,0
1399,0
9295,1
8170,1
1457,1
8368,1
5744,1
10569,1
1054,0
10500,1
7653,1
3275,0
1463,1
3699,0
3759,0
929,1
5511,0
6468,1
8935,1
1829,0
2928,0
9967,1
6538,1
4221,1
3546,0
5598,0
9507,1
8256,1
8672,1
2011,0
913,1
7611,0
8768,1
9143,1
3219,0
2606,0
3264,0
4928,1
9209,1
6564,0
8675,1
6,1
2980,0
6583,1
3361,0
4774,0
1943,0
8326,1
5499,0
1635,0
1141,0
2041,0
6815,0
6703,0
7242,0
359,0
2070,0
3134,0
5160,1
6990,0
3243,0
5275,1
2242,0
1474,1
9272,1
1889,1
3435,0
3259,0
5149,1
3705,0
2021,0
4020,1
9394,1
10348,1
3500,0
2658,0
8979,1
7838,1
1130,1
5557,0
8276,1
1819,0
7461,0
8376,1
8346,1
9938,1
7064,1
4318,1
10213,1
4144,1
4669,0
1236,1
5476,1
7129,0
10455,1
7478,0
1856,0
2282,0
9246,1
9909,1
4093,1
8028,1
5200,1
6401,1
10553,1
3421,0
9855,1
386,1
9083,1
1628,0
3585,0
4724,1
2714,0
8151,1
10423,1
9910,1
5659,1
7718,0
8198,1
6856,0
3189,0
10597,1
4305,1
909,0
5385,0
1996,0
1866,0
1842,0
2497,0
201,1
8557,1
3868,0
5054,1
5889,0
4006,1
10524,1
2702,0
3449,0
331,0
8115,1
9531,1
8790,1
8156,1
2459,0
1774,0
7877,1
6628,0
8402,0
9019,0
2686,0
9728,1
989,1
7997,1
8870,1
8630,1
6993,0
10020,1
5806,1
9290,1
9250,1
6574,1
3052,0
9674,1
5462,1
173,1
4954,0
7320,0
4615,0
7620,1
3321,0
8034,1
6246,1
6745,0
3372,0
6048,1
3311,0
8307,1
3339,0
1132,1
9968,1
9374,1
4551,0
4679,0
3403,0
18,1
3691,0
9202,1
4096,1
3628,0
9428,1
2174,0
1356,1
5002,0
7826,1
8291,1
6922,0
5823,0
10102,1
5670,1
3112,0
182,1
3642,0
9423,1
1812,0
855,1
7696,0
8965,1
4912,1
5668,1
9159,1
1800,0
9837,1
2429,0
5482,0
6761,0
10458,1
8868,1
1968,0
8861,1
8682,1
8462,1
4697,1
7008,0
4987,1
10370,1
4650,0
1159,1
1213,1
9413,1
1325,0
8361,1
8395,1
4796,1
6796,0
5808,0
5943,1
9869,1
10487,1
1455,1
5410,1
8104,1
8951,1
4962,0
2800,0
1644,1
2140,0
4536,1
7616,0
4457,0
9893,1
5586,0
7815,1
4378,1
729,1
4357,1
8485,1
6716,0
1936,0
3793,0
3736,0
2261,0
7429,0
4005,1
1110,1
7751,0
9603,1
5480,0
2998,0
2394,0
1185,0
2007,0
193,0
5611,0
2901,0
578,0
6219,1
5525,0
771,1
6683,0
2395,0
1478,1
1846,0
9686,1
4274,1
3740,0
4600,0
8652,1
1573,1
6676,0
6375,0
405,1
10141,1
4915,1
2073,0
4754,0
1896,0
9088,1
6702,0
6317,1
3659,0
6581,1
2379,0
1447,1
7598,0
342,1
7468,0
5127,1
3136,0
2527,0
727,0
4577,0
976,0
9543,1
5443,0
9609,1
3516,0
9457,1
8594,1
7156,0
7851,1
10403,1
3940,0
1299,1
10380,1
1348,1
660,0
5886,1
1492,1
10571,1
4589,0
7743,0
9063,1
5154,0
2315,0
10224,1
10185,1
7024,0
1085,1
2524,0
8218,1
9003,1
5374,1
3198,0
5751,1
4008,1
5717,1
8538,1
9680,1
6657,0
8938,1
8758,1
67,1
8565,1
40,1
2269,0
2381,0
3048,0
9402,1
4916,1
5322,1
5773,1
6232,1
6963,0
3447,0
6816,0
2367,0
8200,1
8696,1
2512,0
10229,1
2723,0
5948,1
9768,1
9117,1
1143,0
10349,1
7155,0
8196,1
8814,1
9806,1
4728,1
5494,0
5755,1
8387,1
9833,1
7230,0
3789,0
10043,1
2220,0
5075,0
2331,0
7880,1
5394,0
8888,1
9090,1
7090,0
7789,0
9926,1
4088,1
1967,0
10218,1
9363,1
6757,1
10194,1
4365,1
6999,0
423,0
280,0
1904,0
595,0
9119,1
3917,0
6142,1
5661,1
5778,1
3618,0
6845,0
839,1
4596,0
2659,0
141,1
2597,0
6701,0
8488,1
1377,1
3674,0
9329,1
10518,1
6362,1
9952,1
4741,1
3808,0
1138,0
2257,0
7374,0
8532,1
1787,0
3938,0
9623,1
4646,0
7568,0
459,0
6115,1
7821,1
10145,1
948,1
3700,0
1336,1
6370,1
4628,0
7358,1
6286,1
5925,1
5934,0
6040,0
441,0
6659,0
1602,1
2238,0
639,0
10438,1
3830,0
10409,1
6144,1
4219,1
9627,1
6344,1
2501,0
1958,0
1070,1
155,1
2295,0
935,1
4578,0
1089,1
6049,1
6415,0
2940,0
723,0
4384,1
930,1
8026,1
7950,1
2909,0
1674,0
6763,0
8911,1
6416,0
7829,1
895,0
3247,0
2326,0
7096,0
9132,1
8396,1
10355,1
5038,0
6450,1
4136,1
9834,1
1715,0
1698,0
10303,1
10152,0
10600,1
8743,1
3831,0
6299,1
3348,0
10119,1
587,0
10162,0
2990,0
9866,1
9759,1
9437,1
264,0
8420,1
6788,0
9048,1
3864,0
6274,1
10420,1
3711,0
1529,1
8742,1
923,1
8384,1
7329,0
4364,1
669,1
3604,0
5108,1
5248,0
7183,0
2591,0
5906,1
6509,1
7133,0
2307,0
3690,0
687,0
612,1
7167,0
8645,1
3200,0
6629,1
4135,1
1898,0
282,1
258,1
10017,1
4943,0
2822,0
3525,0
10268,1
5223,1
2285,0
6063,1
8078,1
4654,1
5000,1
6710,0
10481,1
5416,0
475,0
2555,0
8087,1
7,1
6411,1
9746,1
9483,1
5546,0
2426,0
6744,0
10235,1
2274,0
1577,1
7264,0
3970,0
5879,1
8953,1
9916,1
7193,0
3867,0
10008,1
6823,0
7548,0
781,1
1749,0
6519,1
5774,1
2324,0
5055,0
9594,1
1727,0
610,0
4666,1
5413,1
8103,1
8174,1
3750,0
97,1
6985,0
3137,0
1537,1
3648,0
1517,0
9940,1
4624,0
6566,1
2090,0
7097,1
6171,1
7521,0
572,0
9649,1
3062,0
597,0
6633,0
7875,1
7345,0
6304,1
10034,1
5976,1
1938,0
8100,1
1753,0
3670,0
8559,1
2361,0
4260,1
5432,1
6285,1
8404,1
10061,1
8365,1
9096,1
5591,1
1171,1
7927,1
8574,1
9941,1
8615,1
9745,1
874,0
2297,0
9891,1
2643,0
5347,1
10562,1
581,0
204,0
7896,1
2014,0
905,0
631,0
8871,1
1974,0
162,0
4998,1
4713,1
1431,0
6868,0
10345,1
7710,0
7736,1
4283,1
7531,0
8490,1
3384,0
10169,1
8654,1
8869,1
7462,0
3331,0
6404,1
2096,0
9308,1
7999,1
5017,0
1449,1
6900,0
2610,0
1900,0
8186,1
3920,0
2757,0
6397,1
9215,1
2097,0
8329,1
5624,0
3471,0
8266,1
2171,0
10140,1
9767,1
2010,0
10408,1
1283,0
10205,1
1019,0
2810,0
9178,1
1651,1
10220,1
1169,1
6256,1
5469,0
867,0
5093,0
5433,0
541,0
10456,1
6354,1
9923,1
3390,0
8563,1
10561,1
3959,0
6643,0
6841,0
9343,1
3586,0
8602,1
2563,0
5036,0
1080,1
5891,0
4966,1
2023,0
9559,1
7909,1
10023,0
7321,0
226,0
1013,1
1929,0
5251,1
2179,0
697,1
1124,1
7378,0
8736,1
5110,1
7902,1
1778,0
8500,1
2634,0
7544,0
7604,0
3489,0
1037,0
9139,1
2649,0
2979,1
2547,0
5132,1
2159,0
6445,1
3967,0
1428,0
10144,1
2520,0
8033,1
9232,1
10491,1
448,0
9190,1
5995,1
8553,1
3727,0
7353,0
6279,1
9512,1
7295,0
6251,1
5926,1
2460,0
22,1
2066,0
1653,1
1376,1
1724,0
3754,0
4183,1
4082,1
6579,1
4558,1
3537,0
7003,0
10068,1
646,0
6381,1
7527,0
10310,1
7165,0
8507,1
7697,1
9999,1
4875,0
9136,0
5341,1
7031,1
2160,0
685,0
2461,0
7128,0
6267,1
4941,0
5946,1
4583,0
5784,1
7569,0
521,0
3983,0
10165,0
780,1
8750,1
5607,0
5978,1
3747,0
2196,0
10507,1
4285,1
6979,0
1827,0
10284,1
2376,0
3839,0
1246,1
7504,0
6511,1
5439,0
9829,1
5510,0
5330,1
4531,1
365,1
10613,1
147,0
1668,1
10053,1
7650,0
7788,0
3456,0
3271,0
4940,1
6230,1
9473,1
8634,1
3926,0
9082,1
8080,1
78,1
7088,0
2247,0
9057,1
10575,1
7451,0
2279,0
8123,1
3897,0
8578,1
7177,0
10051,1
3631,0
9170,1
6272,1
392,1
3191,0
16,1
4200,1
2672,0
6164,1
3493,0
7394,0
4839,0
593,0
9902,1
5827,1
7961,1
5887,0
2355,0
6036,1
4798,0
9193,1
4592,1
163,0
9847,1
10028,1
10393,1
7380,1
10585,1
6356,1
5542,0
6007,0
7993,1
7638,0
6793,0
7758,0
4837,1
2293,0
6548,1
7898,1
4481,0
3716,0
6140,1
1549,1
2044,0
767,0
5693,1
7870,1
7857,1
3302,0
4517,1
9653,1
3292,0
1403,0
1382,1
6928,0
5671,1
1638,0
6907,0
8591,1
6406,1
1179,1
5448,0
5078,0
5175,1
689,0
9418,1
6525,1
10439,1
6488,1
7154,0
8947,1
6610,1
9487,1
4349,1
1884,0
9186,1
2494,0
5947,0
3036,0
5777,1
845,0
7967,1
9012,1
7340,0
10049,1
8812,1
7137,0
2964,0
2529,0
5772,1
1048,1
7045,0
1960,0
2530,0
8429,1
4917,1
5901,1
8286,1
4259,1
5656,1
6097,0
5907,1
7373,0
2978,0
9427,1
10367,1
6721,0
7842,1
8264,1
9325,1
3138,0
8325,1
10557,1
1826,0
5548,0
560,1
9369,1
8435,1
5435,0
4437,0
8597,1
1442,1
8453,1
4406,1
10135,1
1689,0
10489,1
9566,1
5962,1
2496,0
9819,1
340,1
2408,0
8881,1
5782,1
4576,1
3725,0
2785,0
1012,0
5280,1
4895,1
7121,0
6549,1
4037,1
148,0
285,0
10263,1
8555,1
8933,1
6770,0
4443,0
7446,0
236,1
10193,0
7123,0
8879,1
3083,0
632,0
6813,0
2493,0
2665,0
9022,1
8948,1
8998,1
4211,1
3874,0
2817,0
8788,1
10433,1
9552,1
7426,0
9145,1
9001,1
9784,0
1735,0
7397,1
4255,1
8809,1
2475,0
10614,1
3713,0
9884,1
1804,0
707,0
9775,0
5189,0
5472,0
72,1
7843,1
5101,1
6764,0
1125,1
1241,1
8773,1
2349,0
6602,1
6780,0
4358,1
1343,1
10619,1
9230,1
10182,1
8632,1
6652,0
1100,1
7327,0
7622,1
987,0
2852,0
630,0
1249,1
3179,0
482,0
3040,0
5010,1
9284,1
7000,0
3273,1
7227,1
3683,0
6674,0
6807,0
10351,1
1316,0
3225,0
1072,1
4815,1
8982,1
5752,1
9726,1
4616,0
3097,0
6869,0
1300,1
7285,0
6284,1
5495,0
5291,1
1798,1
5203,0
8227,1
5047,1
6441,1
8636,1
8105,1
2359,0
9971,1
3654,0
7052,0
1286,0
9706,1
4445,0
2137,0
6787,0
10365,1
9245,1
9538,1
6894,0
9108,1
8564,1
7151,0
963,0
6012,1
4882,0
140,1
9607,1
6936,0
6542,1
5243,1
4431,0
406,1
8212,1
8898,1
9173,1
8234,1
4399,1
5252,0
11,1
4760,0
1177,1
2863,0
6471,1
6228,1
2989,0
7117,0
7010,0
9094,1
1440,1
10360,1
2875,0
9675,1
9350,1
7232,0
3726,0
2772,0
454,0
8189,1
1367,1
3712,0
10473,1
1388,1
1000,1
7761,1
3553,0
4114,1
1667,1
3173,0
9988,1
488,0
3230,0
3828,0
9199,1
5208,1
7848,1
5704,1
10250,1
8133,1
703,1
5105,1
9460,1
3291,0
8125,1
10241,1
9595,1
4909,1
4440,1
986,1
9822,1
10364,1
7705,0
6257,1
6089,1
5238,0
1198,0
9645,1
7519,0
6812,0
8320,1
7175,0
4470,1
891,0
1969,0
5757,1
6527,1
6294,1
7595,0
3249,0
6570,1
6638,0
7351,0
9754,1
7473,0
9790,1
9223,1
1239,1
2289,0
2740,0
8467,1
4585,1
1229,1
6980,0
5178,1
4293,1
1058,1
6262,0
281,1
968,0
3953,0
1939,0
8988,0
1274,1
619,0
9034,1
1742,0
1390,0
2203,0
3568,0
6116,1
10599,1
6052,1
3178,1
3192,0
6099,0
7029,1
575,0
6656,0
7115,0
9365,1
6276,0
9556,1
5897,1
5724,1
269,0
629,0
3081,0
3466,0
6430,1
9900,1
7062,0
10340,1
5543,0
4356,1
2113,0
8219,1
3216,0
3814,0
8321,1
9129,1
2278,0
4599,0
13,1
9811,1
1525,1
2365,0
4648,1
374,1
9052,1
6477,1
525,0
6895,0
3591,0
7904,1
2958,0
529,1
3714,0
4732,1
1394,0
5631,0
6563,1
4703,1
1712,0
10369,1
955,0
6675,0
3453,0
8595,1
2071,0
10353,1
158,0
7005,0
352,0
6078,1
6236,1
8946,1
2920,0
8503,0
4644,1
661,1
7057,0
3665,0
7979,1
306,1
4790,1
2356,0
1927,0
9921,1
3427,0
8941,1
3638,0
1266,1
1560,1
7179,0
4109,1
7867,1
4904,1
7294,0
514,0
894,0
8601,1
21,1
899,0
207,0
458,0
2430,0
8442,1
3389,0
3911,0
5383,1
8907,1
552,1
3144,0
6917,1
2056,0
1925,0
634,0
6082,1
8508,0
9856,1
10290,1
8619,1
105,1
3041,0
1709,0
89,1
7014,0
3174,0
917,1
7833,1
6732,1
1949,0
6368,1
1,1
8032,1
6047,1
9796,1
2720,0
8783,1
10430,1
3117,0
10064,1
3762,0
213,1
778,1
3496,0
9380,1
2043,0
8920,1
5420,1
6154,1
8357,1
9260,1
8465,1
4167,1
3788,0
8586,1
583,0
10535,1
10616,1
116,1
6644,0
9608,1
10577,1
9530,1
8712,1
1763,0
1875,0
3224,0
526,0
7725,0
2946,0
4473,0
5655,1
8884,1
6059,1
959,0
6342,1
3633,0
1050,1
8782,1
8711,1
3380,0
3676,0
5776,1
9620,1
6573,1
5179,1
1607,1
3610,0
10372,1
6635,0
10628,1
791,1
8984,1
3056,0
1980,0
3598,0
933,1
7424,0
5626,0
1682,0
4179,1
6446,1
4116,1
988,1
2896,0
3778,0
5658,1
3093,0
3155,0
1823,0
10232,1
1098,1
2844,0
9078,1
3342,0
38,1
6540,1
9939,1
8707,1
3356,0
7813,1
9098,1
8220,1
9813,1
2428,0
5043,0
5346,1
8954,1
4811,0
8476,1
686,0
4799,0
7437,1
2353,0
6353,1
4569,0
8213,1
2752,0
9077,1
8073,1
9109,1
1040,0
7491,0
1265,1
9851,1
7059,0
277,1
5084,0
2382,0
571,1
1435,1
5352,1
5445,0
1007,0
4543,1
9379,1
2064,0
1136,0
5343,0
294,0
8780,1
2403,0
3998,1
3741,0
9808,1
2719,0
9785,0
5150,1
2808,0
9017,1
556,1
9494,1
4795,0
2469,0
3738,0
4286,1
2604,0
362,1
6924,0
1704,0
2139,0
3239,0
2383,0
7314,0
4311,1
1312,0
3930,0
6183,1
1591,0
9978,1
2162,0
2396,0
317,1
5233,0
5068,0
4036,1
8987,1
3020,0
8228,0
9105,1
5295,1
3972,0
5370,1
4133,1
974,0
7291,0
9175,1
954,1
9895,1
5016,0
10343,1
9179,0
7490,0
1640,0
1290,0
1380,1
1933,0
4675,1
892,0
7287,0
4876,0
7906,1
8194,1
9970,0
9041,1
2466,0
7657,0
1913,0
2736,0
726,1
7214,0
8245,1
1796,0
3845,0
6402,1
936,1
2265,0
824,0
7274,0
1389,1
3564,0
9076,1
5429,1
7827,1
5690,1
7878,1
1868,0
8202,1
7486,0
806,0
4805,1
9388,1
9733,1
9155,1
7511,0
8056,1
4494,0
2632,0
10556,1
8896,1
8623,1
7832,1
4388,1
145,1
6467,0
2033,0
9707,1
1165,1
2050,0
3760,0
4435,0
3430,0
8190,1
9312,1
7069,0
4361,1
1771,0
3511,0
271,0
8436,1
2032,0
9005,1
10276,1
3810,0
4346,1
545,1
3241,0
8930,1
8502,0
10542,1
7564,0
920,1
9698,1
6640,0
7694,0
8230,1
7126,1
4278,1
2983,0
130,1
7980,1
2667,0
7138,0
3223,0
7693,0
5392,0
614,1
10526,1
1466,0
4497,0
3042,0
9126,1
2419,0
5085,1
3294,0
6737,0
1500,0
9018,1
1521,0
9697,1
4232,1
7686,0
8820,1
4430,0
390,0
10480,1
7124,0
5913,1
8592,1
4806,1
9587,1
8238,1
8044,1
10398,1
3993,0
10154,0
6609,1
5319,1
10461,1
7119,0
2421,0
5604,0
1750,0
9589,1
10331,1
338,0
8407,1
1341,1
10572,1
7982,1
3640,0
329,0
9392,1
3004,0
6960,1
4090,1
2322,0
6667,0
7009,0
4197,1
3549,0
8363,1
4203,1
9899,1
10564,1
6185,1
1639,0
9130,1
60,1
1240,1
5760,1
5136,0
2343,0
2120,0
1524,0
7617,0
153,0
481,0
6122,1
7674,0
7101,0
1762,0
8942,1
7715,0
9657,1
7479,0
6212,1
4853,1
2711,0
6766,0
4150,1
1333,1
8378,1
9328,1
9980,1
10320,1
9701,1
3850,0
8340,1
4124,1
9534,1
4788,0
2866,0
1386,1
5941,1
3067,0
9633,1
3629,0
10054,1
9519,1
3028,0
2969,0
8646,1
6136,1
8801,1
4263,1
645,0
10265,1
2074,0
341,1
8041,1
1622,0
7141,0
5796,1
7184,0
8232,1
5475,0
9838,1
74,1
10517,1
8633,1
9815,1
2051,0
2541,0
1301,1
5877,1
7368,0
1304,0
8428,1
10576,1
2599,0
2573,0
3186,0
2768,0
4831,0
4223,1
10261,1
2106,0
2679,0
1387,1
9500,1
10271,1
7083,0
1279,0
804,1
1555,0
10085,1
4566,0
10281,1
4841,0
3594,0
6035,1
6852,0
8705,1
4177,1
1308,0
9106,1
3452,0
3695,0
4242,1
2198,0
8966,1
4425,0
6150,1
943,1
822,0
5005,0
6612,1
8356,1
5619,0
4547,1
2538,0
9503,1
5207,1
10115,1
9582,1
3054,0
3675,0
7776,0
7218,0
6722,0
3300,0
3310,0
7221,0
8519,1
5954,1
832,0
3462,0
7643,0
54,1
3451,0
6305,1
1481,1
4873,0
8038,1
3335,0
6016,0
4926,1
9138,1
5797,1
10450,1
5083,0
6645,0
5490,0
768,1
2065,0
10100,1
7311,0
8477,1
4524,1
2717,0
2079,0
8914,1
951,1
8058,1
2482,0
9181,1
1759,0
4422,1
6704,0
5182,0
8533,1
3701,0
4243,1
688,0
3432,0
4944,1
966,0
10083,1
2713,0
4757,1
10148,1
6320,1
5975,1
3572,0
5299,0
1990,0
1205,1
4971,0
10339,1
6783,0
3600,0
6490,1
8609,1
10608,1
8070,1
8577,1
7973,1
1625,0
536,0
8766,1
7970,1
4212,1
6456,0
3507,0
8393,1
9524,1
7112,0
2708,0
5031,0
6514,1
4662,1
4021,1
1854,0
10018,1
2872,0
3030,0
9397,1
1645,1
3417,0
3476,0
10155,1
1792,0
3797,0
3368,0
7196,0
10252,1
5109,1
6024,1
8795,1
9880,1
126,1
5959,1
3876,0
4451,1
7147,0
3531,0
827,1
7790,0
984,0
7783,0
2443,0
8554,1
345,0
814,0
6166,0
5779,1
2116,0
793,1
6898,0
2674,0
94,1
4225,1
3756,0
2891,0
2371,0
9979,1
3228,0
7863,1
6359,1
9781,0
7326,0
6028,1
1865,0
4612,0
2645,0
2243,0
5373,1
2336,0
950,1
1120,1
2204,0
419,0
922,1
9446,1
8669,1
5408,0
5788,1
5742,1
7667,0
5567,0
8135,1
1202,1
5765,1
8389,1
1970,0
4018,1
3687,0
1997,0
4033,1
1248,1
2192,0
2712,0
9184,1
2190,0
4670,0
5142,0
5984,1
6565,1
7804,0
6943,0
9510,1
2136,0
1065,1
600,0
4227,1
7577,0
77,1
7546,0
2898,0
4820,1
9506,1
9890,1
6413,1
9444,1
9064,1
8007,1
5468,0
5951,1
3391,0
5415,1
2560,0
8162,1
2635,0
5256,1
3530,0
8567,1
1908,0
235,1
1604,1
7984,1
9310,1
3490,0
1994,0
2824,0
9871,1
1342,1
8512,1
1619,0
5287,1
2060,0
10581,1
2219,0
6038,1
260,1
9956,1
9093,1
3744,0
2026,0
6988,1
4234,1
1917,0
1828,0
6233,1
9922,1
6283,1
4208,1
224,1
8915,1
9333,1
6469,1
10006,1
846,0
4289,1
5560,0
2551,0
117,1
8837,1
5966,1
8195,1
8659,1
7489,0
5,1
5342,1
9111,1
4324,1
1063,1
2590,0
8434,1
9352,1
3735,0
3517,0
6986,0
6767,0
5622,0
1605,1
1733,0
9931,1
9504,1
3812,0
10234,1
1761,1
5401,0
2739,0
2472,0
6738,0
6891,0
7943,1
9685,1
4206,1
6371,1
9361,1
232,1
8258,1
7561,0
6168,1
3596,0
6288,1
4632,0
125,1
7641,0
6229,1
1296,0
1976,0
10079,1
10030,1
5750,1
8152,1
3086,0
9862,1
6882,0
9894,1
7673,0
3345,0
8172,1
10014,1
5870,0
6506,0
2797,0
918,1
1646,1
5122,1
5126,1
4621,0
6809,1
364,1
2125,0
8150,1
8717,1
55,1
638,0
302,0
5811,1
1276,1
4432,0
3644,0
4143,1
2878,0
6493,0
5240,0
10000,1
6937,1
7240,0
2593,0
2393,0
523,0
6376,1
6981,0
6677,0
3900,0
10244,1
5585,0
9951,1
7956,1
7570,0
6777,0
671,1
4188,1
666,0
3266,0
1887,0
8472,1
9091,1
7687,0
6031,1
6090,1
6238,1
7350,0
7830,1
760,1
6254,1
1906,0
3818,0
6269,1
4300,1
5569,0
7941,1
4164,1
5971,1
3579,0
2832,0
5449,0
3472,0
6327,0
137,1
7043,0
4892,0
2180,0
7730,0
3177,0
4854,0
4637,1
5115,0
9889,0
7648,0
4261,1
1331,1
7002,0
9550,1
6941,0
8017,1
6241,1
9521,1
10617,1
6881,0
4530,0
4673,1
6996,0
1252,1
3374,0
2814,0
4719,0
6544,1
4858,1
7901,1
8580,1
8427,1
1077,1
4363,1
770,1
8865,1
249,0
9766,1
7239,0
3419,0
4976,0
4544,1
5565,0
7939,1
716,0
10264,1
2048,0
5997,1
6600,1
7245,0
4178,1
4809,0
10081,1
7140,0
7190,1
1460,0
5989,1
9860,1
2000,0
8175,1
404,1
384,1
10044,1
10086,1
1633,0
10158,1
4784,1
10055,1
6970,0
3925,0
4158,1
7449,0
8415,1
2193,0
1015,1
5124,1
7418,0
7409,0
8989,1
2871,0
9,0
1838,0
4804,0
255,1
7026,0
5713,1
3324,0
7714,0
1581,1
924,1
2779,0
7891,1
6132,1
5320,1
7312,0
7102,1
6042,0
3775,0
4835,0
4964,1
539,0
7483,0
2745,0
3719,0
6819,0
9337,1
4468,0
667,0
7575,0
8549,1
5063,0
1353,1
7114,0
10389,1
8662,1
2703,0
3330,0
8053,1
9588,1
3584,0
10036,1
5645,1
3376,0
1256,1
6190,1
9442,1
5348,1
4175,1
4910,1
1852,0
6316,1
10476,1
2105,0
133,1
5029,0
928,0
823,1
7576,0
1531,1
1214,1
504,0
6530,1
3072,0
9576,1
9086,1
8647,1
6619,1
9273,1
3709,0
10189,1
4849,0
4748,1
4268,1
10501,1
8905,1
4186,1
5301,1
2923,0
6588,1
1810,0
3486,0
7419,1
3141,0
10019,1
9347,1
1324,0
4312,1
7494,0
8702,1
9872,1
8691,1
10103,1
10048,1
9580,1
5541,0
6172,1
1540,1
9409,1
2681,0
10505,1
6313,1
1191,0
5293,1
1542,1
7056,0
2539,0
953,1
7241,0
6731,1
4846,0
6801,1
8010,1
4330,1
8924,1
5334,0
7330,0
9348,1
4729,1
6541,1
5305,1
5161,1
7860,1
2156,0
1062,1
1167,1
3636,0
7651,0
5588,1
7192,0
4491,1
7266,0
4980,1
8335,1
10578,1
4946,1
2782,0
717,0
10011,1
2502,0
4360,1
4171,1
8082,1
10375,1
395,1
7186,1
10441,1
4492,1
1365,1
10127,1
8787,1
5917,1
4968,0
2914,0
5644,0
3766,0
3440,0
7357,0
6806,0
9879,1
2143,0
5104,1
5073,0
1571,1
4079,1
1122,1
2786,0
2967,0
2504,0
5988,1
8867,1
7164,0
728,0
7587,0
7543,0
412,0
9708,1
5745,1
7668,0
825,0
3267,0
3974,0
8808,1
8306,1
417,0
9817,1
6748,0
8967,1
2082,0
8945,1
3373,0
5726,1
4107,1
4380,1
7723,0
1066,1
3913,0
5536,1
8002,1
5387,0
5732,1
2738,0
5052,1
4000,1
9760,1
2427,0
6833,0
10123,1
1687,0
851,1
6303,1
9087,1
5878,1
8527,1
2839,0
4611,0
9540,1
9207,1
9823,1
2489,0
6905,0
7390,0
2849,0
6665,0
5881,1
4452,0
9949,1
7421,1
9827,1
6484,0
2479,0
6617,1
2141,0
5188,0
10317,1
2744,0
7253,1
3506,0
1679,0
4249,1
3147,0
8130,1
7004,0
580,0
9662,1
4070,1
3343,0
7404,0
3672,0
559,0
5237,0
7805,0
512,0
1081,1
1664,1
9204,1
1931,0
10278,1
1150,0
2838,0
5949,1
8308,1
8932,1
10404,1
5177,1
830,1
8311,1
4752,0
10373,1
10334,1
635,0
4465,0
6799,0
7987,1
7079,1
6966,0
4142,1
7027,1
9183,1
876,0
4869,1
5315,1
5222,1
4,1
3051,0
5691,1
3124,0
2491,0
3854,0
4777,0
9907,1
7509,0
6457,0
6293,1
1148,0
574,0
3769,0
4146,1
853,0
10174,1
5919,1
9358,1
6614,1
6002,1
9163,1
4495,1
8173,1
6655,0
2368,0
4780,1
7992,0
2950,0
5625,0
6971,0
8716,1
1841,0
5986,1
537,0
2806,0
5801,1
5596,0
7206,0
7343,1
7560,0
8096,1
784,1
1409,1
154,1
7806,0
3009,0
1686,0
4014,1
7455,0
3863,0
2733,0
1895,0
5442,1
569,1
6709,0
5854,1
1816,0
10257,1
8319,1
3394,0
3327,0
10612,1
6102,1
2975,0
980,0
190,0
9331,1
5088,1
699,0
10374,1
606,0
301,1
3420,0
10421,1
1060,1
3444,0
1069,1
2205,0
9435,1
7339,0
8208,1
7679,0
4642,1
7683,0
9007,1
7996,0
5600,1
9151,1
7022,0
4893,1
225,1
3354,0
5895,0
8754,0
3436,0
1693,0
6893,0
1045,0
3446,0
8050,1
9146,1
10611,1
4735,1
4496,1
1218,1
6015,1
9719,1
3987,0
4911,1
9492,1
4493,0
6944,0
5699,1
8352,1
956,0
2869,0
4433,0
4973,0
2961,0
2200,0
98,1
10469,1
2557,0
8445,1
4199,1
9637,1
5539,0
1648,1
9888,1
6197,1
6295,1
4499,1
1154,0
2255,0
9874,1
3170,0
7400,0
10248,1
7158,0
3108,0
4548,1
5423,1
2049,0
9208,1
8815,1
10414,1
262,0
4061,1
5534,1
6616,1
8120,1
8155,1
1802,0
4736,1
2385,0
6694,0
5759,1
1959,0
2976,0
8680,1
1843,0
1734,0
2911,0
8338,1
1986,0
9561,1
6546,1
7098,0
2811,0
659,0
9986,1
2511,0
4282,1
9339,1
8800,1
6287,1
1930,0
7125,0
197,1
7777,0
2931,0
8004,1
2327,0
4389,1
8958,1
4218,1
202,1
3510,0
4931,1
5535,1
9925,1
5791,1
1707,0
5172,1
5249,1
6528,1
10467,1
5855,1
8164,1
854,0
4737,1
10352,1
698,1
3696,0
1636,0
7280,0
7554,0
3581,0
1291,0
6585,1
1853,0
5232,0
3763,0
3304,0
1495,1
7994,1
1998,0
663,0
3748,0
4413,1
5530,0
5575,0
8901,1
7526,0
9474,1
5864,1
6776,1
1306,0
7392,0
10429,1
5592,1
10230,1
9721,1
1663,1
5450,0
10559,1
10580,1
3627,0
2693,0
9789,0
5915,1
3157,0
9914,1
6668,0
1059,1
4636,0
3242,0
1678,0
6892,0
6374,1
7574,0
1757,0
6019,1
5116,0
8755,0
7408,0
2790,0
863,0
7858,1
1484,0
7035,0
7721,0
5977,1
5134,1
206,1
4488,1
6938,0
9062,1
6910,0
502,0
7385,0
1028,0
3840,0
8110,1
5056,0
9762,1
8154,1
2731,0
8996,0
2454,0
7215,0
3104,0
8392,1
6278,1
3099,0
6184,1
10470,1
3561,0
5892,1
391,0
6736,0
5618,1
5258,0
9687,1
2695,0
2027,0
5463,1
2568,0
8006,1
64,1
2062,0
5276,1
7208,0
8684,1
8571,1
6331,1
4859,1
4887,1
9268,1
878,1
8529,1
7916,1
6863,0
7892,1
6439,1
7869,1
1016,0
9467,1
7629,0
995,1
10173,1
4297,1
161,0
5675,1
6873,0
9692,1
7989,1
3843,0
1021,0
3073,0
7555,0
3943,0
1585,0
10147,1
3152,0
8226,1
775,1
9670,1
7099,0
5486,0
6235,1
9555,1
7041,0
2612,0
7513,0
10233,1
8433,1
10253,1
10555,1
8792,1
5393,0
8838,1
3890,0
3556,0
1528,1
1267,1
7734,0
1899,0
4658,1
3005,0
2734,0
189,1
9998,1
9167,1
2747,0
2047,0
7849,1
2558,0
9274,1
8666,1
6396,1
3385,0
4555,0
1184,0
6420,0
5051,1
5311,1
2433,0
6949,0
10583,1
769,1
1685,0
8322,1
5578,1
4426,0
466,0
6265,1
5734,1
5191,1
5390,1
860,0
7270,0
